bb_window,bb_std,vwap_threshold,adx_threshold,trend_filter_window,atr_multiplier,max_hold_bars,sharpe,sortino,total_return_%,max_drawdown_%,win_rate_%,trades,profit_factor
20,2.5,0.005,25,100,5.0,24,0.88,2.284,0.14,-0.03,100.0,3,inf
20,2.5,0.005,25,100,5.0,14,0.88,2.284,0.14,-0.03,100.0,3,inf
20,2.5,0.005,25,100,5.0,18,0.88,2.284,0.14,-0.03,100.0,3,inf
20,2.5,0.005,25,100,3.0,14,0.88,2.284,0.14,-0.03,100.0,3,inf
20,2.5,0.005,25,100,3.0,18,0.88,2.284,0.14,-0.03,100.0,3,inf
20,2.5,0.005,25,100,3.0,24,0.88,2.284,0.14,-0.03,100.0,3,inf
20,2.5,0.005,25,100,4.0,14,0.88,2.284,0.14,-0.03,100.0,3,inf
20,2.5,0.005,25,100,4.0,18,0.88,2.284,0.14,-0.03,100.0,3,inf
20,2.5,0.005,25,100,4.0,24,0.88,2.284,0.14,-0.03,100.0,3,inf
20,2.5,0.005,25,50,5.0,14,0.75,0.0,0.05,-0.01,100.0,1,inf
20,2.5,0.005,25,50,5.0,24,0.75,0.0,0.05,-0.01,100.0,1,inf
20,2.5,0.005,25,50,4.0,24,0.75,0.0,0.05,-0.01,100.0,1,inf
20,2.5,0.005,25,50,4.0,18,0.75,0.0,0.05,-0.01,100.0,1,inf
20,2.5,0.005,25,50,3.0,24,0.75,0.0,0.05,-0.01,100.0,1,inf
20,2.5,0.005,25,50,3.0,18,0.75,0.0,0.05,-0.01,100.0,1,inf
20,2.5,0.005,25,50,3.0,14,0.75,0.0,0.05,-0.01,100.0,1,inf
20,2.5,0.005,25,50,5.0,18,0.75,0.0,0.05,-0.01,100.0,1,inf
20,2.5,0.005,25,50,4.0,14,0.75,0.0,0.05,-0.01,100.0,1,inf
10,2.0,0.005,20,50,3.0,18,0.731,0.261,0.82,-0.29,50.0,6,3.422
10,2.0,0.005,20,50,5.0,18,0.706,0.264,0.79,-0.31,50.0,6,3.17
10,2.0,0.005,20,50,4.0,18,0.679,0.248,0.76,-0.34,50.0,6,2.945
10,2.0,0.003,20,50,5.0,18,0.625,0.187,0.78,-0.34,55.6,9,2.828
10,2.0,0.003,20,50,4.0,18,0.601,0.178,0.75,-0.36,55.6,9,2.654
10,1.5,0.005,20,50,5.0,18,0.582,0.282,0.78,-0.45,46.2,13,1.993
10,1.5,0.005,20,50,4.0,18,0.56,0.268,0.75,-0.47,46.2,13,1.924
10,1.5,0.005,20,50,3.0,18,0.559,0.233,0.75,-0.47,46.2,13,1.922
20,2.5,0.005,20,100,3.0,14,0.537,2.312,0.06,-0.02,100.0,1,inf
20,2.5,0.005,20,100,3.0,24,0.537,2.312,0.06,-0.02,100.0,1,inf
20,2.5,0.005,20,100,4.0,14,0.537,2.312,0.06,-0.02,100.0,1,inf
20,2.5,0.005,20,100,5.0,24,0.537,2.312,0.06,-0.02,100.0,1,inf
20,2.5,0.005,20,100,4.0,18,0.537,2.312,0.06,-0.02,100.0,1,inf
20,2.5,0.005,20,100,4.0,24,0.537,2.312,0.06,-0.02,100.0,1,inf
20,2.5,0.005,20,100,5.0,14,0.537,2.312,0.06,-0.02,100.0,1,inf
20,2.5,0.005,20,100,5.0,18,0.537,2.312,0.06,-0.02,100.0,1,inf
20,2.5,0.005,20,100,3.0,18,0.537,2.312,0.06,-0.02,100.0,1,inf
10,2.0,0.005,20,50,3.0,24,0.529,0.139,0.61,-0.41,50.0,6,2.83
10,2.0,0.005,20,50,5.0,24,0.505,0.138,0.58,-0.41,50.0,6,2.618
20,2.0,0.005,20,50,3.0,24,0.479,0.174,0.06,-0.02,100.0,1,inf
20,2.0,0.005,20,50,3.0,14,0.479,0.174,0.06,-0.02,100.0,1,inf
20,2.0,0.005,20,50,5.0,18,0.479,0.174,0.06,-0.02,100.0,1,inf
20,2.0,0.005,20,50,5.0,14,0.479,0.174,0.06,-0.02,100.0,1,inf
20,2.0,0.005,20,50,4.0,24,0.479,0.174,0.06,-0.02,100.0,1,inf
20,2.0,0.005,20,50,4.0,18,0.479,0.174,0.06,-0.02,100.0,1,inf
20,2.0,0.005,20,50,4.0,14,0.479,0.174,0.06,-0.02,100.0,1,inf
10,2.0,0.005,20,50,4.0,24,0.479,0.13,0.55,-0.41,50.0,6,2.429
20,2.0,0.005,20,50,5.0,24,0.479,0.174,0.06,-0.02,100.0,1,inf
20,2.0,0.005,20,50,3.0,18,0.479,0.174,0.06,-0.02,100.0,1,inf
20,2.0,0.003,20,50,4.0,14,0.465,0.087,0.13,-0.13,66.7,3,4.895
20,2.0,0.003,20,50,5.0,14,0.465,0.087,0.13,-0.13,66.7,3,4.895
10,2.0,0.003,20,50,5.0,24,0.443,0.117,0.57,-0.41,55.6,9,2.363
20,2.5,0.003,20,50,4.0,14,0.438,0.054,0.11,-0.13,100.0,1,inf
20,2.5,0.003,20,50,5.0,14,0.438,0.054,0.11,-0.13,100.0,1,inf
10,2.0,0.003,20,50,3.0,18,0.435,0.129,0.52,-0.57,44.4,9,1.796
10,2.0,0.003,20,50,5.0,14,0.432,0.152,0.4,-0.25,55.6,9,1.949
10,2.0,0.005,20,100,5.0,24,0.431,0.15,0.6,-0.78,61.5,13,1.887
10,2.0,0.005,20,100,5.0,18,0.421,0.156,0.56,-0.66,53.8,13,1.619
10,2.0,0.003,20,50,4.0,24,0.42,0.111,0.54,-0.41,55.6,9,2.216
10,2.0,0.005,20,50,3.0,14,0.405,0.114,0.36,-0.29,50.0,6,2.07
10,2.0,0.003,20,50,4.0,14,0.4,0.138,0.38,-0.28,55.6,9,1.829
10,2.0,0.005,20,50,5.0,14,0.374,0.11,0.33,-0.31,50.0,6,1.917
10,1.5,0.005,20,50,5.0,14,0.368,0.154,0.42,-0.45,46.2,13,1.537
20,1.5,0.003,20,50,5.0,14,0.365,0.124,0.24,-0.25,62.5,8,2.152
20,1.5,0.003,20,50,4.0,14,0.365,0.124,0.24,-0.25,62.5,8,2.152
10,1.5,0.005,20,50,4.0,14,0.343,0.141,0.39,-0.47,46.2,13,1.484
10,1.5,0.005,20,50,3.0,14,0.342,0.121,0.39,-0.47,46.2,13,1.482
10,2.0,0.005,20,50,4.0,14,0.341,0.098,0.31,-0.34,50.0,6,1.781
20,2.5,0.003,25,50,5.0,24,0.334,0.033,0.07,-0.13,100.0,2,inf
20,2.5,0.003,25,50,5.0,18,0.334,0.033,0.07,-0.13,100.0,2,inf
20,2.5,0.003,25,50,4.0,24,0.334,0.033,0.07,-0.13,100.0,2,inf
20,2.5,0.003,25,50,4.0,18,0.334,0.033,0.07,-0.13,100.0,2,inf
20,2.5,0.003,25,50,4.0,14,0.334,0.033,0.07,-0.13,100.0,2,inf
20,2.5,0.003,25,50,3.0,24,0.334,0.033,0.07,-0.13,100.0,2,inf
20,2.5,0.003,25,50,3.0,18,0.334,0.033,0.07,-0.13,100.0,2,inf
20,2.5,0.003,25,50,3.0,14,0.334,0.033,0.07,-0.13,100.0,2,inf
20,2.5,0.003,25,50,5.0,14,0.334,0.033,0.07,-0.13,100.0,2,inf
10,1.5,0.005,20,100,5.0,24,0.295,0.156,0.48,-0.7,50.0,26,1.32
20,1.5,0.005,20,50,5.0,14,0.289,0.081,0.17,-0.22,60.0,5,1.982
20,1.5,0.005,20,50,4.0,14,0.289,0.081,0.17,-0.22,60.0,5,1.982
10,2.0,0.005,20,100,3.0,18,0.286,0.097,0.37,-0.66,53.8,13,1.333
20,1.5,0.005,20,50,3.0,14,0.284,0.069,0.16,-0.22,60.0,5,1.884
20,2.5,0.003,20,100,5.0,14,0.273,0.055,0.08,-0.15,50.0,4,2.023
20,2.5,0.003,20,100,4.0,14,0.273,0.055,0.08,-0.15,50.0,4,2.023
10,1.5,0.005,20,50,5.0,24,0.266,0.107,0.36,-0.6,38.5,13,1.465
10,2.0,0.003,20,50,3.0,24,0.254,0.066,0.31,-0.57,44.4,9,1.477
10,1.5,0.005,20,50,4.0,24,0.246,0.098,0.34,-0.6,38.5,13,1.415
10,1.5,0.005,20,50,3.0,24,0.245,0.088,0.33,-0.61,38.5,13,1.413
20,2.0,0.005,25,100,5.0,24,0.237,0.06,0.19,-0.5,81.8,11,1.444
20,2.0,0.005,25,100,5.0,18,0.237,0.06,0.19,-0.5,81.8,11,1.444
10,2.0,0.003,20,100,5.0,18,0.235,0.097,0.34,-0.8,50.0,22,1.291
20,2.0,0.005,25,100,5.0,14,0.217,0.054,0.17,-0.5,81.8,11,1.403
20,1.5,0.005,20,50,3.0,18,0.209,0.054,0.12,-0.24,60.0,5,1.657
10,2.0,0.005,20,100,4.0,18,0.179,0.051,0.24,-0.73,53.8,13,1.197
10,2.0,0.003,20,100,5.0,24,0.175,0.071,0.26,-0.89,54.5,22,1.25
10,1.5,0.003,20,50,4.0,18,0.143,0.065,0.23,-0.74,46.2,26,1.159
20,2.0,0.003,20,100,4.0,14,0.131,0.037,0.07,-0.33,45.5,11,1.231
20,2.0,0.003,20,100,5.0,14,0.131,0.037,0.07,-0.33,45.5,11,1.231
10,2.0,0.003,25,50,5.0,14,0.124,0.035,0.12,-0.33,61.5,13,1.182
10,2.0,0.003,25,50,5.0,18,0.124,0.035,0.12,-0.33,61.5,13,1.182
10,2.0,0.003,25,50,5.0,24,0.124,0.035,0.12,-0.33,61.5,13,1.182
10,1.5,0.005,20,100,5.0,18,0.121,0.066,0.19,-0.76,46.2,26,1.101
10,1.5,0.003,20,50,5.0,18,0.118,0.05,0.19,-0.72,46.2,26,1.129
20,1.5,0.005,20,50,4.0,18,0.113,0.033,0.07,-0.27,60.0,5,1.288
20,1.5,0.005,20,50,5.0,18,0.103,0.031,0.06,-0.28,60.0,5,1.254
20,2.0,0.003,20,50,4.0,24,0.091,0.009,0.05,-0.27,66.7,3,2.588
20,2.0,0.003,20,50,5.0,24,0.091,0.009,0.05,-0.27,66.7,3,2.588
20,2.0,0.003,20,50,4.0,18,0.089,0.009,0.05,-0.27,66.7,3,2.427
20,2.0,0.003,20,50,5.0,18,0.089,0.009,0.05,-0.27,66.7,3,2.427
10,2.0,0.005,20,100,3.0,24,0.087,0.027,0.11,-0.78,53.8,13,1.098
20,2.5,0.003,25,100,4.0,14,0.086,0.017,0.02,-0.17,71.4,7,1.168
20,2.5,0.003,25,100,3.0,24,0.086,0.017,0.02,-0.17,71.4,7,1.168
20,2.5,0.003,25,100,3.0,14,0.086,0.017,0.02,-0.17,71.4,7,1.168
20,2.5,0.003,25,100,4.0,24,0.086,0.017,0.02,-0.17,71.4,7,1.168
20,2.5,0.003,25,100,5.0,14,0.086,0.017,0.02,-0.17,71.4,7,1.168
20,2.5,0.003,25,100,5.0,18,0.086,0.017,0.02,-0.17,71.4,7,1.168
20,2.5,0.003,25,100,5.0,24,0.086,0.017,0.02,-0.17,71.4,7,1.168
20,2.5,0.003,25,100,3.0,18,0.086,0.017,0.02,-0.17,71.4,7,1.168
20,2.5,0.003,25,100,4.0,18,0.086,0.017,0.02,-0.17,71.4,7,1.168
20,2.0,0.005,25,100,3.0,24,0.08,0.019,0.06,-0.54,81.8,11,1.113
20,2.0,0.005,25,100,3.0,18,0.08,0.019,0.06,-0.54,81.8,11,1.113
10,1.5,0.003,20,50,4.0,14,0.079,0.035,0.11,-0.52,46.2,26,1.082
10,2.0,0.003,20,50,3.0,14,0.067,0.016,0.06,-0.57,44.4,9,1.099
20,1.5,0.003,20,50,4.0,18,0.066,0.015,0.05,-0.35,62.5,8,1.196
20,2.0,0.005,25,100,3.0,14,0.059,0.013,0.04,-0.54,81.8,11,1.081
20,1.5,0.003,20,50,5.0,18,0.058,0.013,0.05,-0.35,62.5,8,1.168
20,2.5,0.003,20,50,5.0,24,0.053,0.004,0.03,-0.27,100.0,1,inf
20,2.5,0.003,20,50,4.0,24,0.053,0.004,0.03,-0.27,100.0,1,inf
10,1.5,0.003,20,50,5.0,14,0.05,0.021,0.07,-0.53,46.2,26,1.05
20,2.5,0.003,20,50,4.0,18,0.047,0.003,0.02,-0.27,100.0,1,inf
20,2.5,0.003,20,50,5.0,18,0.047,0.003,0.02,-0.27,100.0,1,inf
10,2.0,0.003,25,50,3.0,14,0.019,0.005,0.02,-0.36,61.5,13,1.021
10,2.0,0.003,25,50,3.0,18,0.019,0.005,0.02,-0.36,61.5,13,1.021
10,2.0,0.003,25,50,3.0,24,0.019,0.005,0.02,-0.36,61.5,13,1.021
10,2.0,0.003,20,100,4.0,18,0.018,0.006,0.02,-0.95,50.0,22,1.015
20,2.0,0.005,25,100,4.0,18,-0.004,-0.001,-0.0,-0.61,81.8,11,0.992
20,2.0,0.005,25,100,4.0,24,-0.004,-0.001,-0.0,-0.61,81.8,11,0.992
20,1.5,0.005,20,50,3.0,24,-0.005,-0.001,-0.0,-0.4,60.0,5,0.979
10,2.0,0.005,20,100,4.0,24,-0.007,-0.002,-0.01,-0.85,53.8,13,0.989
20,2.5,0.003,20,100,4.0,24,-0.013,-0.002,-0.01,-0.27,50.0,4,0.909
20,2.5,0.003,20,100,5.0,24,-0.013,-0.002,-0.01,-0.27,50.0,4,0.909
20,2.5,0.003,20,100,4.0,18,-0.024,-0.003,-0.01,-0.27,50.0,4,0.853
20,2.0,0.005,25,100,4.0,14,-0.024,-0.005,-0.02,-0.61,81.8,11,0.964
20,2.5,0.003,20,100,5.0,18,-0.024,-0.003,-0.01,-0.27,50.0,4,0.853
10,2.0,0.005,25,50,5.0,18,-0.026,-0.006,-0.02,-0.34,50.0,8,0.957
10,2.0,0.005,25,50,5.0,14,-0.026,-0.006,-0.02,-0.34,50.0,8,0.957
10,2.0,0.005,25,50,5.0,24,-0.026,-0.006,-0.02,-0.34,50.0,8,0.957
10,1.5,0.003,20,50,4.0,24,-0.033,-0.015,-0.06,-0.71,42.3,26,0.953
20,2.0,0.005,20,100,4.0,14,-0.04,-0.005,-0.01,-0.28,75.0,4,0.924
10,1.5,0.005,20,100,4.0,24,-0.04,-0.019,-0.07,-0.76,46.2,26,0.964
20,2.0,0.005,20,100,5.0,14,-0.04,-0.005,-0.01,-0.28,75.0,4,0.924
10,1.5,0.003,20,50,5.0,24,-0.048,-0.02,-0.09,-0.76,42.3,26,0.935
10,1.5,0.003,25,100,5.0,18,-0.053,-0.024,-2.22,-11.76,55.6,90,0.589
10,1.5,0.003,25,100,5.0,24,-0.053,-0.025,-2.22,-11.7,55.6,90,0.588
20,2.0,0.003,20,100,5.0,18,-0.059,-0.013,-0.05,-0.33,45.5,11,0.87
20,2.0,0.003,20,100,4.0,18,-0.059,-0.013,-0.05,-0.33,45.5,11,0.87
10,1.5,0.003,25,100,5.0,14,-0.06,-0.028,-2.38,-11.88,55.6,90,0.567
10,1.5,0.005,20,100,4.0,18,-0.061,-0.028,-0.1,-0.82,46.2,26,0.951
20,1.5,0.003,20,50,5.0,24,-0.064,-0.014,-0.06,-0.4,62.5,8,0.781
10,2.0,0.003,25,50,4.0,24,-0.064,-0.015,-0.07,-0.36,61.5,13,0.92
10,2.0,0.003,25,50,4.0,14,-0.064,-0.015,-0.07,-0.36,61.5,13,0.92
10,2.0,0.003,25,50,4.0,18,-0.064,-0.015,-0.07,-0.36,61.5,13,0.92
10,2.0,0.005,20,100,5.0,14,-0.066,-0.02,-0.08,-0.66,53.8,13,0.93
10,1.5,0.003,20,100,5.0,24,-0.071,-0.038,-0.15,-1.01,51.0,49,0.941
20,1.5,0.005,20,50,5.0,24,-0.073,-0.019,-0.05,-0.4,60.0,5,0.79
20,1.5,0.003,20,50,4.0,24,-0.073,-0.016,-0.07,-0.4,62.5,8,0.755
10,2.0,0.005,25,50,3.0,14,-0.074,-0.016,-0.07,-0.32,50.0,8,0.892
10,2.0,0.005,25,50,3.0,24,-0.074,-0.016,-0.07,-0.32,50.0,8,0.892
10,2.0,0.005,25,50,3.0,18,-0.074,-0.016,-0.07,-0.32,50.0,8,0.892
20,2.0,0.005,20,100,5.0,24,-0.076,-0.011,-0.03,-0.28,75.0,4,0.853
20,2.0,0.005,20,100,5.0,18,-0.076,-0.011,-0.03,-0.28,75.0,4,0.853
20,2.0,0.005,20,100,4.0,24,-0.076,-0.011,-0.03,-0.28,75.0,4,0.853
20,2.0,0.005,20,100,4.0,18,-0.076,-0.011,-0.03,-0.28,75.0,4,0.853
10,1.5,0.003,25,100,4.0,14,-0.083,-0.037,-2.87,-12.01,54.4,90,0.516
10,2.0,0.01,20,100,5.0,24,-0.086,-0.016,-0.07,-0.58,50.0,4,0.683
10,1.5,0.003,25,100,4.0,18,-0.086,-0.039,-2.94,-12.03,54.4,90,0.509
20,1.5,0.005,20,50,4.0,24,-0.087,-0.023,-0.06,-0.4,60.0,5,0.761
10,1.5,0.003,25,100,4.0,24,-0.089,-0.041,-3.01,-12.03,54.4,90,0.502
10,1.5,0.003,25,100,3.0,18,-0.09,-0.04,-3.04,-12.18,53.3,90,0.492
10,1.5,0.003,25,100,3.0,14,-0.091,-0.04,-3.07,-12.16,53.3,90,0.49
10,1.5,0.003,25,100,3.0,24,-0.092,-0.041,-3.08,-12.18,53.3,90,0.489
10,2.0,0.003,20,100,3.0,18,-0.094,-0.037,-0.13,-0.88,45.5,22,0.917
20,1.5,0.01,20,100,5.0,24,-0.098,-0.016,-0.07,-0.58,66.7,3,0.49
10,2.0,0.005,20,100,3.0,14,-0.099,-0.028,-0.11,-0.66,53.8,13,0.901
10,1.5,0.005,20,100,3.0,18,-0.102,-0.048,-0.16,-0.82,46.2,26,0.925
20,1.5,0.005,20,100,5.0,24,-0.108,-0.039,-0.12,-0.82,66.7,15,0.839
20,1.5,0.003,20,50,3.0,14,-0.108,-0.021,-0.08,-0.42,50.0,8,0.814
20,2.0,0.003,25,50,5.0,18,-0.145,-0.018,-0.07,-0.3,66.7,6,0.662
20,2.0,0.003,25,50,5.0,14,-0.145,-0.018,-0.07,-0.3,66.7,6,0.662
20,2.0,0.005,25,50,5.0,14,-0.145,-0.011,-0.06,-0.28,66.7,3,0.658
20,2.0,0.005,25,50,5.0,18,-0.145,-0.011,-0.06,-0.28,66.7,3,0.658
20,2.0,0.005,25,50,5.0,24,-0.145,-0.011,-0.06,-0.28,66.7,3,0.658
20,2.0,0.003,25,50,5.0,24,-0.145,-0.018,-0.07,-0.3,66.7,6,0.662
10,1.5,0.003,20,100,5.0,18,-0.152,-0.081,-0.29,-1.05,49.0,49,0.893
20,2.0,0.003,25,100,5.0,24,-0.156,-0.056,-0.17,-0.91,57.1,21,0.808
20,1.5,0.003,20,50,3.0,18,-0.165,-0.034,-0.12,-0.42,50.0,8,0.714
10,1.5,0.005,20,100,3.0,24,-0.172,-0.079,-0.28,-0.82,46.2,26,0.875
10,2.5,0.003,25,50,3.0,24,-0.183,-0.015,-0.08,-0.23,50.0,2,0.035
10,2.5,0.003,20,50,5.0,18,-0.183,-0.015,-0.08,-0.23,50.0,2,0.035
10,2.5,0.003,25,50,3.0,14,-0.183,-0.015,-0.08,-0.23,50.0,2,0.035
10,2.5,0.003,25,50,3.0,18,-0.183,-0.015,-0.08,-0.23,50.0,2,0.035
10,2.5,0.005,25,50,5.0,18,-0.183,-0.015,-0.08,-0.23,50.0,2,0.035
10,2.5,0.003,25,50,4.0,14,-0.183,-0.015,-0.08,-0.23,50.0,2,0.035
10,2.5,0.003,25,50,4.0,18,-0.183,-0.015,-0.08,-0.23,50.0,2,0.035
10,2.5,0.003,25,50,4.0,24,-0.183,-0.015,-0.08,-0.23,50.0,2,0.035
10,2.5,0.003,25,50,5.0,14,-0.183,-0.015,-0.08,-0.23,50.0,2,0.035
10,2.5,0.003,25,50,5.0,18,-0.183,-0.015,-0.08,-0.23,50.0,2,0.035
10,2.5,0.003,25,50,5.0,24,-0.183,-0.015,-0.08,-0.23,50.0,2,0.035
10,2.5,0.005,20,50,3.0,14,-0.183,-0.015,-0.08,-0.23,50.0,2,0.035
10,2.5,0.005,20,50,3.0,18,-0.183,-0.015,-0.08,-0.23,50.0,2,0.035
10,2.5,0.005,20,50,3.0,24,-0.183,-0.015,-0.08,-0.23,50.0,2,0.035
10,2.5,0.005,20,50,4.0,14,-0.183,-0.015,-0.08,-0.23,50.0,2,0.035
10,2.5,0.005,20,50,4.0,18,-0.183,-0.015,-0.08,-0.23,50.0,2,0.035
10,2.5,0.005,20,50,4.0,24,-0.183,-0.015,-0.08,-0.23,50.0,2,0.035
10,2.5,0.005,20,50,5.0,14,-0.183,-0.015,-0.08,-0.23,50.0,2,0.035
10,2.5,0.005,20,50,5.0,18,-0.183,-0.015,-0.08,-0.23,50.0,2,0.035
10,2.5,0.005,20,50,5.0,24,-0.183,-0.015,-0.08,-0.23,50.0,2,0.035
10,2.5,0.005,25,50,5.0,24,-0.183,-0.015,-0.08,-0.23,50.0,2,0.035
10,2.5,0.005,25,50,3.0,14,-0.183,-0.015,-0.08,-0.23,50.0,2,0.035
10,2.5,0.005,25,50,3.0,18,-0.183,-0.015,-0.08,-0.23,50.0,2,0.035
10,2.5,0.005,25,50,3.0,24,-0.183,-0.015,-0.08,-0.23,50.0,2,0.035
10,2.5,0.005,25,50,4.0,14,-0.183,-0.015,-0.08,-0.23,50.0,2,0.035
10,2.5,0.005,25,50,4.0,18,-0.183,-0.015,-0.08,-0.23,50.0,2,0.035
10,2.5,0.005,25,50,4.0,24,-0.183,-0.015,-0.08,-0.23,50.0,2,0.035
10,2.5,0.003,20,50,5.0,24,-0.183,-0.015,-0.08,-0.23,50.0,2,0.035
10,2.5,0.005,25,50,5.0,14,-0.183,-0.015,-0.08,-0.23,50.0,2,0.035
10,2.5,0.003,20,50,5.0,14,-0.183,-0.015,-0.08,-0.23,50.0,2,0.035
10,2.5,0.003,20,50,4.0,24,-0.183,-0.015,-0.08,-0.23,50.0,2,0.035
10,2.5,0.003,20,50,3.0,14,-0.183,-0.015,-0.08,-0.23,50.0,2,0.035
10,2.5,0.003,20,50,3.0,18,-0.183,-0.015,-0.08,-0.23,50.0,2,0.035
10,2.5,0.003,20,50,3.0,24,-0.183,-0.015,-0.08,-0.23,50.0,2,0.035
10,2.5,0.003,20,50,4.0,14,-0.183,-0.015,-0.08,-0.23,50.0,2,0.035
10,2.5,0.003,20,50,4.0,18,-0.183,-0.015,-0.08,-0.23,50.0,2,0.035
10,2.0,0.003,20,100,5.0,14,-0.185,-0.072,-0.22,-0.82,50.0,22,0.838
10,2.0,0.005,20,100,4.0,14,-0.197,-0.048,-0.24,-0.73,53.8,13,0.81
10,2.5,0.01,20,100,3.0,14,-0.2,-0.013,-0.08,-0.21,0.0,1,0.0
10,2.5,0.01,20,100,3.0,18,-0.2,-0.013,-0.08,-0.21,0.0,1,0.0
10,2.5,0.01,25,50,5.0,24,-0.2,-0.013,-0.08,-0.21,0.0,1,0.0
10,2.5,0.01,25,100,3.0,14,-0.2,-0.013,-0.08,-0.21,0.0,1,0.0
10,2.5,0.01,25,100,3.0,18,-0.2,-0.013,-0.08,-0.21,0.0,1,0.0
10,2.5,0.01,25,100,3.0,24,-0.2,-0.013,-0.08,-0.21,0.0,1,0.0
10,2.5,0.005,25,100,5.0,24,-0.2,-0.013,-0.08,-0.21,0.0,1,0.0
10,2.5,0.005,25,100,5.0,18,-0.2,-0.013,-0.08,-0.21,0.0,1,0.0
10,2.5,0.005,25,100,5.0,14,-0.2,-0.013,-0.08,-0.21,0.0,1,0.0
10,2.5,0.005,25,100,4.0,24,-0.2,-0.013,-0.08,-0.21,0.0,1,0.0
10,2.5,0.005,25,100,4.0,18,-0.2,-0.013,-0.08,-0.21,0.0,1,0.0
10,2.5,0.005,25,100,4.0,14,-0.2,-0.013,-0.08,-0.21,0.0,1,0.0
10,2.5,0.005,25,100,3.0,24,-0.2,-0.013,-0.08,-0.21,0.0,1,0.0
10,2.5,0.005,25,100,3.0,18,-0.2,-0.013,-0.08,-0.21,0.0,1,0.0
10,2.5,0.01,25,100,4.0,14,-0.2,-0.013,-0.08,-0.21,0.0,1,0.0
10,2.5,0.01,25,100,4.0,18,-0.2,-0.013,-0.08,-0.21,0.0,1,0.0
10,2.5,0.01,25,100,4.0,24,-0.2,-0.013,-0.08,-0.21,0.0,1,0.0
10,2.5,0.01,25,100,5.0,14,-0.2,-0.013,-0.08,-0.21,0.0,1,0.0
10,2.5,0.01,25,100,5.0,18,-0.2,-0.013,-0.08,-0.21,0.0,1,0.0
10,2.5,0.01,25,100,5.0,24,-0.2,-0.013,-0.08,-0.21,0.0,1,0.0
10,2.5,0.01,20,100,5.0,18,-0.2,-0.013,-0.08,-0.21,0.0,1,0.0
10,2.5,0.01,25,50,5.0,18,-0.2,-0.013,-0.08,-0.21,0.0,1,0.0
10,2.5,0.01,25,50,5.0,14,-0.2,-0.013,-0.08,-0.21,0.0,1,0.0
10,2.5,0.01,25,50,4.0,24,-0.2,-0.013,-0.08,-0.21,0.0,1,0.0
10,2.5,0.01,20,50,5.0,24,-0.2,-0.013,-0.08,-0.21,0.0,1,0.0
10,2.5,0.01,20,100,3.0,24,-0.2,-0.013,-0.08,-0.21,0.0,1,0.0
10,2.5,0.01,20,100,4.0,14,-0.2,-0.013,-0.08,-0.21,0.0,1,0.0
10,2.5,0.01,20,100,4.0,18,-0.2,-0.013,-0.08,-0.21,0.0,1,0.0
10,2.5,0.01,20,100,4.0,24,-0.2,-0.013,-0.08,-0.21,0.0,1,0.0
10,2.5,0.01,20,100,5.0,14,-0.2,-0.013,-0.08,-0.21,0.0,1,0.0
10,2.5,0.01,25,50,3.0,14,-0.2,-0.013,-0.08,-0.21,0.0,1,0.0
10,2.5,0.01,25,50,3.0,18,-0.2,-0.013,-0.08,-0.21,0.0,1,0.0
10,2.5,0.01,25,50,3.0,24,-0.2,-0.013,-0.08,-0.21,0.0,1,0.0
10,2.5,0.01,20,50,5.0,18,-0.2,-0.013,-0.08,-0.21,0.0,1,0.0
10,2.5,0.01,25,50,4.0,18,-0.2,-0.013,-0.08,-0.21,0.0,1,0.0
10,2.5,0.01,20,50,5.0,14,-0.2,-0.013,-0.08,-0.21,0.0,1,0.0
10,2.5,0.01,20,50,4.0,24,-0.2,-0.013,-0.08,-0.21,0.0,1,0.0
10,2.5,0.01,20,50,4.0,18,-0.2,-0.013,-0.08,-0.21,0.0,1,0.0
10,2.5,0.01,20,50,4.0,14,-0.2,-0.013,-0.08,-0.21,0.0,1,0.0
10,2.5,0.01,20,50,3.0,24,-0.2,-0.013,-0.08,-0.21,0.0,1,0.0
10,2.5,0.01,20,100,5.0,24,-0.2,-0.013,-0.08,-0.21,0.0,1,0.0
10,2.5,0.01,20,50,3.0,14,-0.2,-0.013,-0.08,-0.21,0.0,1,0.0
10,2.5,0.01,25,50,4.0,14,-0.2,-0.013,-0.08,-0.21,0.0,1,0.0
10,2.5,0.01,20,50,3.0,18,-0.2,-0.013,-0.08,-0.21,0.0,1,0.0
10,2.5,0.005,25,100,3.0,14,-0.2,-0.013,-0.08,-0.21,0.0,1,0.0
10,2.5,0.005,20,100,5.0,24,-0.2,-0.013,-0.08,-0.21,0.0,1,0.0
10,2.0,0.01,20,50,5.0,24,-0.2,-0.013,-0.08,-0.21,0.0,1,0.0
10,2.0,0.01,20,50,3.0,18,-0.2,-0.013,-0.08,-0.21,0.0,1,0.0
10,2.0,0.01,20,50,3.0,24,-0.2,-0.013,-0.08,-0.21,0.0,1,0.0
10,2.0,0.01,20,50,4.0,14,-0.2,-0.013,-0.08,-0.21,0.0,1,0.0
10,2.0,0.01,20,50,4.0,18,-0.2,-0.013,-0.08,-0.21,0.0,1,0.0
10,2.0,0.01,25,50,5.0,24,-0.2,-0.013,-0.08,-0.21,0.0,1,0.0
10,2.0,0.01,25,50,5.0,18,-0.2,-0.013,-0.08,-0.21,0.0,1,0.0
10,2.0,0.01,25,50,5.0,14,-0.2,-0.013,-0.08,-0.21,0.0,1,0.0
10,2.0,0.01,25,50,4.0,24,-0.2,-0.013,-0.08,-0.21,0.0,1,0.0
10,2.0,0.01,25,50,4.0,18,-0.2,-0.013,-0.08,-0.21,0.0,1,0.0
10,2.0,0.01,25,50,4.0,14,-0.2,-0.013,-0.08,-0.21,0.0,1,0.0
10,2.0,0.01,25,50,3.0,24,-0.2,-0.013,-0.08,-0.21,0.0,1,0.0
10,2.0,0.01,25,50,3.0,18,-0.2,-0.013,-0.08,-0.21,0.0,1,0.0
10,2.0,0.01,25,50,3.0,14,-0.2,-0.013,-0.08,-0.21,0.0,1,0.0
10,2.0,0.01,20,50,4.0,24,-0.2,-0.013,-0.08,-0.21,0.0,1,0.0
10,2.0,0.01,20,50,5.0,14,-0.2,-0.013,-0.08,-0.21,0.0,1,0.0
10,2.0,0.01,20,50,3.0,14,-0.2,-0.013,-0.08,-0.21,0.0,1,0.0
10,2.0,0.01,20,50,5.0,18,-0.2,-0.013,-0.08,-0.21,0.0,1,0.0
10,2.5,0.005,20,100,5.0,14,-0.2,-0.013,-0.08,-0.21,0.0,1,0.0
10,2.5,0.005,20,100,5.0,18,-0.2,-0.013,-0.08,-0.21,0.0,1,0.0
10,2.5,0.005,20,100,3.0,24,-0.2,-0.013,-0.08,-0.21,0.0,1,0.0
10,2.5,0.005,20,100,3.0,18,-0.2,-0.013,-0.08,-0.21,0.0,1,0.0
10,2.5,0.005,20,100,3.0,14,-0.2,-0.013,-0.08,-0.21,0.0,1,0.0
10,2.5,0.005,20,100,4.0,24,-0.2,-0.013,-0.08,-0.21,0.0,1,0.0
10,2.5,0.005,20,100,4.0,18,-0.2,-0.013,-0.08,-0.21,0.0,1,0.0
10,2.5,0.005,20,100,4.0,14,-0.2,-0.013,-0.08,-0.21,0.0,1,0.0
10,2.5,0.003,20,100,3.0,14,-0.202,-0.019,-0.08,-0.23,0.0,2,0.0
10,2.5,0.003,20,100,4.0,14,-0.202,-0.019,-0.08,-0.23,0.0,2,0.0
10,2.5,0.003,20,100,5.0,14,-0.202,-0.019,-0.08,-0.23,0.0,2,0.0
10,1.5,0.005,20,100,5.0,14,-0.211,-0.098,-0.29,-0.68,46.2,26,0.845
10,2.0,0.003,20,100,4.0,24,-0.218,-0.076,-0.34,-1.04,50.0,22,0.791
10,2.0,0.005,25,50,4.0,14,-0.219,-0.041,-0.21,-0.41,50.0,8,0.728
10,2.0,0.005,25,50,4.0,18,-0.219,-0.041,-0.21,-0.41,50.0,8,0.728
20,2.0,0.003,20,100,4.0,24,-0.219,-0.05,-0.18,-0.33,45.5,11,0.636
10,2.0,0.005,25,50,4.0,24,-0.219,-0.041,-0.21,-0.41,50.0,8,0.728
20,2.0,0.003,20,100,5.0,24,-0.227,-0.052,-0.18,-0.33,45.5,11,0.628
20,2.0,0.003,25,100,5.0,18,-0.23,-0.081,-0.24,-0.98,57.1,21,0.745
10,2.5,0.003,20,100,3.0,24,-0.239,-0.024,-0.1,-0.24,0.0,2,0.0
10,2.5,0.003,20,100,3.0,18,-0.239,-0.024,-0.1,-0.24,0.0,2,0.0
10,2.5,0.003,20,100,5.0,18,-0.239,-0.024,-0.1,-0.24,0.0,2,0.0
10,2.5,0.003,20,100,4.0,18,-0.239,-0.024,-0.1,-0.24,0.0,2,0.0
10,2.5,0.003,20,100,4.0,24,-0.239,-0.024,-0.1,-0.24,0.0,2,0.0
10,2.5,0.003,20,100,5.0,24,-0.239,-0.024,-0.1,-0.24,0.0,2,0.0
10,2.0,0.005,25,100,5.0,24,-0.257,-0.069,-0.38,-0.99,55.6,18,0.736
10,1.5,0.01,20,50,3.0,14,-0.266,-0.021,-0.11,-0.21,0.0,2,0.0
10,1.5,0.01,20,50,3.0,18,-0.266,-0.021,-0.11,-0.21,0.0,2,0.0
10,1.5,0.01,20,50,3.0,24,-0.266,-0.021,-0.11,-0.21,0.0,2,0.0
10,1.5,0.01,20,50,4.0,14,-0.266,-0.021,-0.11,-0.21,0.0,2,0.0
10,1.5,0.01,20,50,4.0,18,-0.266,-0.021,-0.11,-0.21,0.0,2,0.0
10,1.5,0.01,20,50,4.0,24,-0.266,-0.021,-0.11,-0.21,0.0,2,0.0
10,1.5,0.01,20,50,5.0,14,-0.266,-0.021,-0.11,-0.21,0.0,2,0.0
10,1.5,0.01,20,50,5.0,18,-0.266,-0.021,-0.11,-0.21,0.0,2,0.0
10,1.5,0.01,20,50,5.0,24,-0.266,-0.021,-0.11,-0.21,0.0,2,0.0
10,1.5,0.003,20,100,4.0,18,-0.272,-0.138,-0.51,-1.13,49.0,49,0.826
10,2.0,0.005,25,100,5.0,18,-0.278,-0.073,-0.41,-1.06,55.6,18,0.722
20,2.0,0.003,25,100,5.0,14,-0.282,-0.097,-0.29,-1.02,57.1,21,0.702
10,1.5,0.003,20,50,3.0,18,-0.287,-0.111,-0.45,-1.12,38.5,26,0.782
10,1.5,0.01,20,100,5.0,24,-0.289,-0.065,-0.26,-0.77,40.0,5,0.367
10,2.0,0.003,20,100,4.0,14,-0.303,-0.098,-0.38,-0.95,50.0,22,0.75
10,1.5,0.005,20,100,4.0,14,-0.307,-0.125,-0.44,-0.73,46.2,26,0.784
10,2.5,0.003,25,100,3.0,14,-0.316,-0.03,-0.13,-0.26,33.3,3,0.123
10,2.5,0.003,25,100,4.0,24,-0.316,-0.03,-0.13,-0.26,33.3,3,0.123
10,2.5,0.003,25,100,3.0,24,-0.316,-0.03,-0.13,-0.26,33.3,3,0.123
10,2.5,0.003,25,100,5.0,24,-0.316,-0.03,-0.13,-0.26,33.3,3,0.123
10,2.5,0.003,25,100,5.0,18,-0.316,-0.03,-0.13,-0.26,33.3,3,0.123
10,2.5,0.003,25,100,3.0,18,-0.316,-0.03,-0.13,-0.26,33.3,3,0.123
10,2.5,0.003,25,100,5.0,14,-0.316,-0.03,-0.13,-0.26,33.3,3,0.123
10,2.5,0.003,25,100,4.0,14,-0.316,-0.03,-0.13,-0.26,33.3,3,0.123
10,2.5,0.003,25,100,4.0,18,-0.316,-0.03,-0.13,-0.26,33.3,3,0.123
20,2.0,0.003,25,100,4.0,24,-0.323,-0.101,-0.36,-1.07,57.1,21,0.663
10,1.5,0.003,20,100,4.0,24,-0.325,-0.167,-0.63,-1.1,49.0,49,0.785
20,1.5,0.003,20,50,3.0,24,-0.326,-0.067,-0.24,-0.42,50.0,8,0.416
20,2.0,0.005,20,100,3.0,18,-0.342,-0.036,-0.1,-0.28,75.0,4,0.611
20,2.0,0.005,20,100,3.0,14,-0.342,-0.036,-0.1,-0.28,75.0,4,0.611
20,2.0,0.005,20,100,3.0,24,-0.342,-0.036,-0.1,-0.28,75.0,4,0.611
20,1.5,0.005,25,50,5.0,14,-0.358,-0.066,-0.23,-0.33,55.6,9,0.496
10,2.0,0.003,20,100,3.0,24,-0.364,-0.138,-0.52,-0.97,45.5,22,0.707
10,1.5,0.005,20,100,3.0,14,-0.372,-0.153,-0.51,-0.74,46.2,26,0.757
20,2.0,0.003,25,50,3.0,14,-0.379,-0.042,-0.18,-0.33,66.7,6,0.433
20,2.0,0.003,25,50,3.0,18,-0.379,-0.042,-0.18,-0.33,66.7,6,0.433
20,2.0,0.003,25,50,3.0,24,-0.379,-0.042,-0.18,-0.33,66.7,6,0.433
20,1.5,0.005,20,100,5.0,18,-0.379,-0.13,-0.4,-0.88,60.0,15,0.583
20,1.5,0.003,20,100,5.0,24,-0.385,-0.16,-0.51,-1.05,53.6,28,0.572
10,1.5,0.003,20,100,5.0,14,-0.392,-0.197,-0.64,-1.1,49.0,49,0.761
20,2.0,0.003,25,100,4.0,18,-0.396,-0.121,-0.43,-1.14,57.1,21,0.62
10,2.0,0.01,20,100,5.0,18,-0.413,-0.068,-0.32,-0.54,25.0,4,0.293
20,2.0,0.003,20,50,3.0,24,-0.419,-0.035,-0.17,-0.24,33.3,3,0.247
20,2.0,0.003,20,50,3.0,14,-0.419,-0.035,-0.17,-0.24,33.3,3,0.247
20,2.0,0.003,20,50,3.0,18,-0.419,-0.035,-0.17,-0.24,33.3,3,0.247
20,2.0,0.005,25,50,3.0,24,-0.422,-0.026,-0.16,-0.3,66.7,3,0.402
20,2.0,0.005,25,50,3.0,14,-0.422,-0.026,-0.16,-0.3,66.7,3,0.402
20,2.0,0.005,25,50,3.0,18,-0.422,-0.026,-0.16,-0.3,66.7,3,0.402
10,1.5,0.01,25,50,3.0,18,-0.429,-0.043,-0.19,-0.21,0.0,3,0.0
10,1.5,0.01,25,50,3.0,24,-0.429,-0.043,-0.19,-0.21,0.0,3,0.0
10,1.5,0.01,25,50,4.0,14,-0.429,-0.043,-0.19,-0.21,0.0,3,0.0
10,1.5,0.01,25,50,4.0,18,-0.429,-0.043,-0.19,-0.21,0.0,3,0.0
10,1.5,0.01,25,50,3.0,14,-0.429,-0.043,-0.19,-0.21,0.0,3,0.0
10,1.5,0.01,25,50,4.0,24,-0.429,-0.043,-0.19,-0.21,0.0,3,0.0
10,1.5,0.01,25,50,5.0,14,-0.429,-0.043,-0.19,-0.21,0.0,3,0.0
10,1.5,0.01,25,50,5.0,18,-0.429,-0.043,-0.19,-0.21,0.0,3,0.0
10,1.5,0.01,25,50,5.0,24,-0.429,-0.043,-0.19,-0.21,0.0,3,0.0
20,1.5,0.005,25,50,5.0,24,-0.435,-0.083,-0.29,-0.38,55.6,9,0.445
10,1.5,0.003,20,100,4.0,14,-0.437,-0.213,-0.72,-1.15,49.0,49,0.739
20,2.0,0.003,25,100,4.0,14,-0.447,-0.133,-0.48,-1.17,57.1,21,0.588
20,1.5,0.01,20,100,5.0,18,-0.456,-0.068,-0.32,-0.54,33.3,3,0.132
20,1.5,0.005,25,50,5.0,18,-0.458,-0.088,-0.3,-0.39,55.6,9,0.433
20,2.0,0.003,25,50,4.0,24,-0.46,-0.045,-0.26,-0.41,66.7,6,0.341
20,2.0,0.003,25,50,4.0,18,-0.46,-0.045,-0.26,-0.41,66.7,6,0.341
20,2.0,0.003,25,50,4.0,14,-0.46,-0.045,-0.26,-0.41,66.7,6,0.341
20,1.5,0.01,25,50,3.0,14,-0.47,-0.027,-0.08,-0.08,0.0,1,0.0
20,1.5,0.01,25,50,3.0,18,-0.47,-0.027,-0.08,-0.08,0.0,1,0.0
20,1.5,0.01,25,50,4.0,18,-0.47,-0.027,-0.08,-0.08,0.0,1,0.0
20,1.5,0.01,25,50,3.0,24,-0.47,-0.027,-0.08,-0.08,0.0,1,0.0
20,1.5,0.01,25,50,4.0,24,-0.47,-0.027,-0.08,-0.08,0.0,1,0.0
20,1.5,0.01,25,50,5.0,14,-0.47,-0.027,-0.08,-0.08,0.0,1,0.0
20,1.5,0.01,25,50,5.0,18,-0.47,-0.027,-0.08,-0.08,0.0,1,0.0
20,1.5,0.01,25,50,5.0,24,-0.47,-0.027,-0.08,-0.08,0.0,1,0.0
20,1.5,0.01,25,50,4.0,14,-0.47,-0.027,-0.08,-0.08,0.0,1,0.0
10,1.5,0.003,20,50,3.0,24,-0.487,-0.183,-0.77,-1.06,34.6,26,0.608
20,2.0,0.005,25,50,4.0,14,-0.492,-0.028,-0.25,-0.39,66.7,3,0.309
20,2.0,0.005,25,50,4.0,18,-0.492,-0.028,-0.25,-0.39,66.7,3,0.309
20,2.0,0.005,25,50,4.0,24,-0.492,-0.028,-0.25,-0.39,66.7,3,0.309
20,1.5,0.003,25,50,5.0,24,-0.495,-0.133,-0.39,-0.53,62.5,16,0.435
10,2.0,0.005,25,100,5.0,14,-0.498,-0.123,-0.71,-1.22,55.6,18,0.572
20,1.5,0.005,20,100,5.0,14,-0.502,-0.156,-0.5,-0.8,60.0,15,0.521
20,1.5,0.005,25,100,5.0,24,-0.504,-0.172,-0.81,-1.23,58.6,29,0.562
20,2.5,0.003,20,50,3.0,14,-0.506,-0.028,-0.2,-0.23,0.0,1,0.0
20,2.5,0.003,20,50,3.0,18,-0.506,-0.028,-0.2,-0.23,0.0,1,0.0
20,2.5,0.003,20,50,3.0,24,-0.506,-0.028,-0.2,-0.23,0.0,1,0.0
20,2.5,0.003,20,100,3.0,14,-0.51,-0.051,-0.22,-0.25,25.0,4,0.209
10,2.0,0.003,20,100,3.0,14,-0.51,-0.17,-0.62,-0.88,45.5,22,0.624
20,1.5,0.003,25,50,5.0,18,-0.514,-0.139,-0.41,-0.54,62.5,16,0.426
20,1.5,0.005,25,50,3.0,24,-0.516,-0.084,-0.31,-0.4,55.6,9,0.425
20,1.5,0.005,25,50,3.0,18,-0.516,-0.084,-0.31,-0.4,55.6,9,0.425
20,1.5,0.005,25,50,3.0,14,-0.516,-0.084,-0.31,-0.4,55.6,9,0.425
20,1.5,0.003,25,50,5.0,14,-0.521,-0.136,-0.41,-0.54,62.5,16,0.426
20,1.5,0.005,25,100,5.0,18,-0.533,-0.18,-0.86,-1.31,58.6,29,0.549
20,1.5,0.003,20,100,5.0,18,-0.539,-0.214,-0.68,-1.07,50.0,28,0.474
20,2.5,0.003,20,100,3.0,24,-0.543,-0.057,-0.24,-0.25,25.0,4,0.198
20,2.5,0.003,20,100,3.0,18,-0.543,-0.057,-0.24,-0.25,25.0,4,0.198
10,1.5,0.003,20,50,3.0,14,-0.548,-0.185,-0.75,-1.07,38.5,26,0.623
20,1.5,0.005,25,50,4.0,14,-0.56,-0.089,-0.39,-0.48,55.6,9,0.373
20,1.5,0.005,25,100,5.0,14,-0.574,-0.183,-0.9,-1.32,58.6,29,0.555
20,1.5,0.005,20,100,3.0,24,-0.577,-0.174,-0.59,-0.84,60.0,15,0.506
20,2.0,0.003,25,100,3.0,14,-0.58,-0.188,-0.59,-1.11,57.1,21,0.538
10,2.0,0.005,25,100,4.0,18,-0.581,-0.135,-0.88,-1.5,55.6,18,0.549
20,1.5,0.005,20,100,4.0,14,-0.583,-0.155,-0.62,-0.86,60.0,15,0.468
10,2.0,0.01,25,100,5.0,24,-0.588,-0.087,-0.66,-0.95,20.0,5,0.166
20,1.5,0.005,20,100,4.0,24,-0.59,-0.172,-0.65,-0.9,60.0,15,0.484
20,1.5,0.005,20,100,3.0,18,-0.593,-0.172,-0.6,-0.89,60.0,15,0.484
20,1.5,0.005,20,100,4.0,18,-0.604,-0.17,-0.66,-0.94,60.0,15,0.461
10,2.0,0.005,25,100,4.0,24,-0.609,-0.145,-0.92,-1.5,55.6,18,0.537
20,1.5,0.003,25,50,3.0,24,-0.618,-0.151,-0.45,-0.59,62.5,16,0.402
20,1.5,0.003,25,50,3.0,14,-0.618,-0.151,-0.45,-0.59,62.5,16,0.402
20,1.5,0.003,25,50,3.0,18,-0.618,-0.151,-0.45,-0.59,62.5,16,0.402
10,2.0,0.01,25,100,5.0,18,-0.618,-0.087,-0.69,-0.91,20.0,5,0.16
10,1.5,0.005,25,100,5.0,24,-0.625,-0.268,-1.22,-1.59,53.2,47,0.646
10,1.5,0.005,25,50,5.0,18,-0.63,-0.175,-0.75,-0.92,45.0,20,0.529
10,1.5,0.005,25,50,5.0,24,-0.63,-0.175,-0.75,-0.92,45.0,20,0.529
10,1.5,0.005,25,50,5.0,14,-0.63,-0.175,-0.75,-0.92,45.0,20,0.529
20,1.5,0.003,20,100,5.0,14,-0.635,-0.258,-0.7,-1.06,50.0,28,0.49
20,2.0,0.003,25,100,3.0,18,-0.641,-0.212,-0.66,-1.19,57.1,21,0.518
20,2.0,0.003,25,100,3.0,24,-0.641,-0.212,-0.66,-1.19,57.1,21,0.518
20,1.5,0.005,25,50,4.0,18,-0.645,-0.105,-0.45,-0.54,55.6,9,0.34
20,1.5,0.005,25,50,4.0,24,-0.645,-0.105,-0.45,-0.54,55.6,9,0.34
20,1.5,0.005,20,100,3.0,14,-0.647,-0.181,-0.64,-0.88,60.0,15,0.461
10,2.0,0.003,25,100,5.0,24,-0.675,-0.223,-1.09,-1.5,50.0,34,0.541
10,2.0,0.01,20,100,3.0,18,-0.68,-0.096,-0.47,-0.47,25.0,4,0.217
10,2.0,0.005,25,100,4.0,14,-0.681,-0.154,-1.02,-1.5,55.6,18,0.482
20,1.5,0.01,25,100,5.0,24,-0.682,-0.1,-0.74,-0.95,20.0,5,0.062
10,1.5,0.005,25,100,5.0,18,-0.692,-0.293,-1.34,-1.76,53.2,47,0.613
10,2.0,0.003,25,100,5.0,18,-0.695,-0.226,-1.12,-1.57,50.0,34,0.535
10,1.5,0.01,20,100,5.0,18,-0.702,-0.141,-0.6,-0.82,20.0,5,0.18
20,1.5,0.003,20,100,4.0,14,-0.705,-0.252,-0.82,-1.18,50.0,28,0.452
20,1.5,0.003,25,50,4.0,14,-0.711,-0.162,-0.58,-0.71,62.5,16,0.345
20,1.5,0.01,25,100,5.0,18,-0.714,-0.099,-0.77,-0.91,20.0,5,0.059
10,2.0,0.01,20,100,5.0,14,-0.718,-0.1,-0.5,-0.56,25.0,4,0.209
10,1.5,0.003,25,50,5.0,14,-0.72,-0.296,-1.06,-1.14,52.1,48,0.613
20,1.5,0.005,25,100,4.0,14,-0.726,-0.215,-1.18,-1.6,58.6,29,0.486
10,2.0,0.01,20,100,3.0,14,-0.727,-0.096,-0.5,-0.5,25.0,4,0.209
20,1.5,0.003,20,100,4.0,18,-0.728,-0.257,-0.93,-1.21,50.0,28,0.396
10,1.5,0.005,25,50,3.0,14,-0.729,-0.195,-0.84,-0.98,45.0,20,0.502
10,1.5,0.005,25,50,3.0,18,-0.729,-0.195,-0.84,-0.98,45.0,20,0.502
10,1.5,0.005,25,50,3.0,24,-0.729,-0.195,-0.84,-0.98,45.0,20,0.502
10,1.5,0.003,20,100,3.0,18,-0.731,-0.359,-1.28,-1.51,44.9,49,0.643
10,2.0,0.01,20,100,3.0,24,-0.736,-0.11,-0.52,-0.52,25.0,4,0.202
10,2.0,0.01,20,100,4.0,18,-0.745,-0.09,-0.61,-0.61,25.0,4,0.178
10,1.5,0.003,25,50,4.0,14,-0.761,-0.289,-1.15,-1.23,52.1,48,0.594
20,1.5,0.01,20,100,3.0,18,-0.764,-0.095,-0.48,-0.48,33.3,3,0.093
10,1.5,0.003,25,50,5.0,18,-0.78,-0.325,-1.16,-1.24,52.1,48,0.592
20,1.5,0.005,25,100,3.0,14,-0.78,-0.224,-1.24,-1.52,58.6,29,0.473
20,1.5,0.003,25,50,4.0,18,-0.783,-0.181,-0.64,-0.77,62.5,16,0.322
20,1.5,0.003,25,50,4.0,24,-0.783,-0.181,-0.64,-0.77,62.5,16,0.322
10,2.0,0.01,20,100,4.0,14,-0.784,-0.09,-0.63,-0.63,25.0,4,0.173
10,1.5,0.005,25,50,4.0,14,-0.785,-0.201,-0.97,-1.09,45.0,20,0.467
10,1.5,0.005,25,50,4.0,24,-0.785,-0.201,-0.97,-1.09,45.0,20,0.467
20,1.5,0.003,20,100,4.0,24,-0.785,-0.287,-1.04,-1.21,50.0,28,0.39
10,1.5,0.005,25,50,4.0,18,-0.785,-0.201,-0.97,-1.09,45.0,20,0.467
20,1.5,0.005,25,100,4.0,18,-0.787,-0.241,-1.29,-1.74,58.6,29,0.447
10,2.0,0.01,20,100,4.0,24,-0.793,-0.102,-0.65,-0.65,25.0,4,0.168
10,1.5,0.003,25,50,5.0,24,-0.797,-0.335,-1.2,-1.28,52.1,48,0.584
20,1.5,0.005,25,100,3.0,18,-0.805,-0.237,-1.29,-1.61,58.6,29,0.446
20,2.0,0.003,20,100,3.0,14,-0.807,-0.152,-0.5,-0.56,36.4,11,0.36
20,1.5,0.01,20,100,5.0,14,-0.809,-0.099,-0.5,-0.56,33.3,3,0.089
20,1.5,0.01,20,100,4.0,18,-0.81,-0.087,-0.61,-0.61,33.3,3,0.074
20,1.5,0.005,25,100,4.0,24,-0.813,-0.252,-1.33,-1.74,58.6,29,0.439
10,2.0,0.01,25,100,5.0,14,-0.817,-0.104,-0.87,-0.93,20.0,5,0.131
10,1.5,0.005,25,100,5.0,14,-0.818,-0.333,-1.55,-1.9,53.2,47,0.576
10,1.5,0.003,25,50,4.0,18,-0.819,-0.315,-1.25,-1.33,52.1,48,0.574
20,1.5,0.01,20,100,3.0,14,-0.823,-0.095,-0.5,-0.5,33.3,3,0.089
20,1.5,0.01,20,100,3.0,24,-0.826,-0.109,-0.52,-0.52,33.3,3,0.086
20,1.5,0.005,25,100,3.0,24,-0.831,-0.248,-1.33,-1.61,58.6,29,0.438
10,1.5,0.003,25,50,4.0,24,-0.837,-0.326,-1.28,-1.36,52.1,48,0.567
20,2.0,0.003,20,100,3.0,18,-0.838,-0.164,-0.52,-0.56,36.4,11,0.351
10,2.0,0.01,25,100,4.0,18,-0.853,-0.104,-0.98,-0.98,20.0,5,0.118
20,1.5,0.01,20,100,4.0,14,-0.855,-0.086,-0.63,-0.63,33.3,3,0.072
20,1.5,0.01,20,100,4.0,24,-0.862,-0.099,-0.65,-0.65,33.3,3,0.07
10,2.0,0.005,25,100,3.0,18,-0.87,-0.191,-1.23,-1.62,50.0,18,0.418
10,2.0,0.01,25,100,4.0,14,-0.879,-0.103,-1.0,-1.0,20.0,5,0.116
10,2.0,0.01,25,100,3.0,18,-0.885,-0.108,-0.96,-0.96,20.0,5,0.12
10,2.0,0.01,25,100,4.0,24,-0.888,-0.115,-1.02,-1.02,20.0,5,0.114
10,1.5,0.003,20,100,3.0,24,-0.892,-0.433,-1.6,-1.67,44.9,49,0.576
20,1.5,0.003,25,100,5.0,24,-0.899,-0.385,-1.64,-1.85,51.9,54,0.447
10,2.0,0.005,25,100,3.0,24,-0.899,-0.202,-1.27,-1.62,50.0,18,0.409
10,2.0,0.005,25,100,3.0,14,-0.903,-0.192,-1.26,-1.62,50.0,18,0.406
10,2.0,0.003,25,100,5.0,14,-0.905,-0.281,-1.42,-1.73,50.0,34,0.452
10,1.5,0.01,20,100,5.0,14,-0.913,-0.156,-0.7,-0.76,20.0,5,0.157
10,2.0,0.01,25,100,3.0,14,-0.914,-0.106,-0.98,-0.98,20.0,5,0.118
20,1.5,0.003,25,100,5.0,18,-0.919,-0.389,-1.67,-1.9,51.9,54,0.442
10,1.5,0.01,20,100,4.0,24,-0.92,-0.155,-0.84,-0.84,20.0,5,0.135
10,2.0,0.01,25,100,3.0,24,-0.922,-0.118,-1.0,-1.0,20.0,5,0.116
10,1.5,0.01,20,100,3.0,14,-0.922,-0.154,-0.7,-0.7,20.0,5,0.158
20,1.5,0.01,25,100,5.0,14,-0.924,-0.116,-0.95,-0.95,20.0,5,0.049
10,1.5,0.01,25,100,5.0,24,-0.935,-0.161,-1.14,-1.35,12.5,8,0.103
10,2.0,0.003,25,100,4.0,18,-0.938,-0.281,-1.52,-1.94,50.0,34,0.458
20,1.5,0.01,25,100,4.0,18,-0.951,-0.116,-1.06,-1.06,20.0,5,0.044
10,1.5,0.01,20,100,3.0,18,-0.957,-0.173,-0.75,-0.75,20.0,5,0.148
10,1.5,0.01,20,100,4.0,14,-0.959,-0.137,-0.83,-0.83,20.0,5,0.136
10,2.0,0.003,25,100,4.0,24,-0.963,-0.293,-1.57,-1.94,50.0,34,0.451
10,1.5,0.01,25,100,5.0,18,-0.964,-0.161,-1.17,-1.3,12.5,8,0.101
20,2.0,0.003,20,100,3.0,24,-0.97,-0.194,-0.62,-0.63,36.4,11,0.312
20,1.5,0.01,25,100,4.0,14,-0.979,-0.114,-1.08,-1.09,20.0,5,0.043
20,1.5,0.01,25,100,4.0,24,-0.987,-0.126,-1.1,-1.11,20.0,5,0.042
20,1.5,0.01,25,100,3.0,18,-0.992,-0.12,-1.04,-1.05,20.0,5,0.045
10,1.5,0.01,20,100,4.0,18,-0.993,-0.154,-0.89,-0.89,20.0,5,0.129
20,1.5,0.01,25,100,3.0,14,-1.022,-0.118,-1.06,-1.07,20.0,5,0.044
20,1.5,0.01,25,100,3.0,24,-1.029,-0.131,-1.09,-1.09,20.0,5,0.043
10,2.0,0.003,25,100,4.0,14,-1.033,-0.303,-1.66,-1.94,50.0,34,0.413
20,1.5,0.003,25,100,5.0,14,-1.047,-0.422,-1.85,-2.05,51.9,54,0.42
10,1.5,0.003,20,100,3.0,14,-1.054,-0.464,-1.68,-1.77,44.9,49,0.52
10,1.5,0.003,25,50,3.0,14,-1.065,-0.393,-1.52,-1.59,50.0,48,0.514
10,1.5,0.003,25,50,3.0,18,-1.065,-0.393,-1.52,-1.59,50.0,48,0.514
10,1.5,0.003,25,50,3.0,24,-1.065,-0.393,-1.52,-1.59,50.0,48,0.514
10,1.5,0.01,20,100,3.0,24,-1.072,-0.206,-0.86,-0.86,20.0,5,0.132
10,1.5,0.005,25,100,3.0,24,-1.079,-0.409,-1.99,-2.34,51.1,47,0.512
20,1.5,0.003,20,100,3.0,18,-1.101,-0.393,-1.27,-1.33,46.4,28,0.315
10,1.5,0.005,25,100,3.0,14,-1.107,-0.405,-2.02,-2.35,51.1,47,0.503
10,1.5,0.005,25,100,3.0,18,-1.112,-0.416,-2.04,-2.43,51.1,47,0.494
10,1.5,0.005,25,100,4.0,24,-1.137,-0.42,-2.23,-2.58,51.1,47,0.483
20,1.5,0.003,25,100,4.0,14,-1.155,-0.445,-2.08,-2.28,53.7,54,0.393
10,1.5,0.01,25,100,5.0,14,-1.157,-0.178,-1.34,-1.35,12.5,8,0.089
20,1.5,0.003,25,100,4.0,18,-1.162,-0.46,-2.12,-2.34,53.7,54,0.385
10,1.5,0.005,25,100,4.0,14,-1.162,-0.416,-2.27,-2.59,51.1,47,0.475
20,1.5,0.003,20,100,3.0,14,-1.167,-0.402,-1.32,-1.37,46.4,28,0.3
10,1.5,0.005,25,100,4.0,18,-1.167,-0.426,-2.28,-2.67,51.1,47,0.466
10,1.5,0.01,25,100,4.0,18,-1.173,-0.176,-1.45,-1.46,12.5,8,0.083
20,1.5,0.003,20,100,3.0,24,-1.188,-0.441,-1.4,-1.41,46.4,28,0.31
20,1.5,0.003,25,100,4.0,24,-1.191,-0.476,-2.17,-2.38,53.7,54,0.379
10,1.5,0.01,25,100,4.0,14,-1.199,-0.174,-1.47,-1.48,12.5,8,0.082
10,1.5,0.01,25,100,4.0,24,-1.205,-0.187,-1.5,-1.5,12.5,8,0.081
10,1.5,0.01,25,100,3.0,18,-1.22,-0.181,-1.44,-1.44,12.5,8,0.083
10,2.0,0.003,25,100,3.0,18,-1.23,-0.359,-1.86,-2.0,47.1,34,0.371
20,1.5,0.003,25,100,3.0,18,-1.234,-0.48,-2.18,-2.27,53.7,54,0.378
10,1.5,0.01,25,100,3.0,14,-1.248,-0.179,-1.46,-1.46,12.5,8,0.082
10,1.5,0.01,25,100,3.0,24,-1.253,-0.193,-1.48,-1.49,12.5,8,0.081
10,2.0,0.003,25,100,3.0,24,-1.257,-0.372,-1.9,-2.0,47.1,34,0.366
20,1.5,0.003,25,100,3.0,14,-1.261,-0.479,-2.21,-2.27,53.7,54,0.378
10,2.0,0.003,25,100,3.0,14,-1.263,-0.361,-1.9,-2.0,47.1,34,0.363
20,1.5,0.003,25,100,3.0,24,-1.264,-0.496,-2.23,-2.31,53.7,54,0.372
